../bin/VPI-case-study-Qemu-QURT-trig_GDB-pf_C-trace_NPNE-O2.elf	0	0	0.384	Jan 13, 2011 22:30:57
../bin/VPI-case-study-Qemu-QURT-trig_GDB-pf_C-trace_NPNE-O2.elf	0	0	0.338	Jan 13, 2011 22:31:01
../bin/VPI-case-study-Qemu-QURT-trig_GDB-pf_C-trace_NPNE-O2.elf	0	0	0.353	Jan 13, 2011 22:31:05
../bin/VPI-case-study-Qemu-QURT-trig_GDB-pf_C-trace_NPNE-O2.elf	0	0	0.369	Jan 13, 2011 22:31:09
../bin/VPI-case-study-Qemu-QURT-trig_GDB-pf_C-trace_NPNE-O2.elf	0	0	0.319	Jan 13, 2011 22:31:13
../bin/VPI-case-study-Qemu-QURT-trig_GDB-pf_C-trace_NPNE-O2.elf	0	0	0.430	Jan 13, 2011 22:31:17
../bin/VPI-case-study-Qemu-QURT-trig_GDB-pf_C-trace_NPNE-O2.elf	0	0	0.351	Jan 13, 2011 22:31:20
../bin/VPI-case-study-Qemu-QURT-trig_GDB-pf_C-trace_NPNE-O2.elf	0	0	0.335	Jan 13, 2011 22:31:24
../bin/VPI-case-study-Qemu-QURT-trig_GDB-pf_C-trace_NPNE-O2.elf	0	0	0.355	Jan 13, 2011 22:31:28
../bin/VPI-case-study-Qemu-QURT-trig_GDB-pf_C-trace_NPNE-O2.elf	0	0	0.372	Jan 13, 2011 22:31:32
../bin/VPI-case-study-Qemu-QURT-trig_GDB-pf_C-trace_NPNE-O2.elf	0	0	0.400	Jan 13, 2011 22:31:36
../bin/VPI-case-study-Qemu-QURT-trig_GDB-pf_C-trace_NPNE-O2.elf	0	0	0.355	Jan 13, 2011 22:31:40
../bin/VPI-case-study-Qemu-QURT-trig_GDB-pf_C-trace_NPNE-O2.elf	0	0	0.353	Jan 13, 2011 22:31:44
../bin/VPI-case-study-Qemu-QURT-trig_GDB-pf_C-trace_NPNE-O2.elf	0	0	0.353	Jan 13, 2011 22:31:48
../bin/VPI-case-study-Qemu-QURT-trig_GDB-pf_C-trace_NPNE-O2.elf	0	0	0.341	Jan 13, 2011 22:31:52
../bin/VPI-case-study-Qemu-QURT-trig_GDB-pf_C-trace_NPNE-O2.elf	0	0	0.327	Jan 13, 2011 22:31:55
../bin/VPI-case-study-Qemu-QURT-trig_GDB-pf_C-trace_NPNE-O2.elf	0	0	0.307	Jan 13, 2011 22:31:59
../bin/VPI-case-study-Qemu-QURT-trig_GDB-pf_C-trace_NPNE-O2.elf	0	0	0.369	Jan 13, 2011 22:32:03
../bin/VPI-case-study-Qemu-QURT-trig_GDB-pf_C-trace_NPNE-O2.elf	0	0	0.369	Jan 13, 2011 22:32:07
../bin/VPI-case-study-Qemu-QURT-trig_GDB-pf_C-trace_NPNE-O2.elf	0	0	0.399	Jan 13, 2011 22:32:11
../bin/VPI-case-study-Qemu-QURT-trig_GDB-pf_C-trace_NPNE-O2.elf	0	0	0.368	Jan 13, 2011 22:32:15
../bin/VPI-case-study-Qemu-QURT-trig_GDB-pf_C-trace_NPNE-O2.elf	0	0	0.322	Jan 13, 2011 22:32:19
../bin/VPI-case-study-Qemu-QURT-trig_GDB-pf_C-trace_NPNE-O2.elf	0	0	0.384	Jan 13, 2011 22:32:23
../bin/VPI-case-study-Qemu-QURT-trig_GDB-pf_C-trace_NPNE-O2.elf	0	0	0.356	Jan 13, 2011 22:32:27
../bin/VPI-case-study-Qemu-QURT-trig_GDB-pf_C-trace_NPNE-O2.elf	0	0	0.357	Jan 13, 2011 22:32:31
../bin/VPI-case-study-Qemu-QURT-trig_GDB-pf_C-trace_NPNE-O2.elf	0	0	0.399	Jan 13, 2011 22:32:34
../bin/VPI-case-study-Qemu-QURT-trig_GDB-pf_C-trace_NPNE-O2.elf	0	0	0.369	Jan 13, 2011 22:32:38
../bin/VPI-case-study-Qemu-QURT-trig_GDB-pf_C-trace_NPNE-O2.elf	0	0	0.385	Jan 13, 2011 22:32:42
../bin/VPI-case-study-Qemu-QURT-trig_GDB-pf_C-trace_NPNE-O2.elf	0	0	0.339	Jan 13, 2011 22:32:46
../bin/VPI-case-study-Qemu-QURT-trig_GDB-pf_C-trace_NPNE-O2.elf	0	0	0.399	Jan 13, 2011 22:32:50
../bin/VPI-case-study-Qemu-QURT-trig_GDB-pf_C-trace_NPNE-O2.elf	0	0	0.388	Jan 13, 2011 22:32:54
../bin/VPI-case-study-Qemu-QURT-trig_GDB-pf_C-trace_NPNE-O2.elf	0	0	0.384	Jan 13, 2011 22:32:58
../bin/VPI-case-study-Qemu-QURT-trig_GDB-pf_C-trace_NPNE-O2.elf	0	0	0.337	Jan 13, 2011 22:33:02
../bin/VPI-case-study-Qemu-QURT-trig_GDB-pf_C-trace_NPNE-O2.elf	0	0	0.309	Jan 13, 2011 22:33:06
../bin/VPI-case-study-Qemu-QURT-trig_GDB-pf_C-trace_NPNE-O2.elf	0	0	0.369	Jan 13, 2011 22:33:09
../bin/VPI-case-study-Qemu-QURT-trig_GDB-pf_C-trace_NPNE-O2.elf	0	0	0.383	Jan 13, 2011 22:33:13
../bin/VPI-case-study-Qemu-QURT-trig_GDB-pf_C-trace_NPNE-O2.elf	0	0	0.337	Jan 13, 2011 22:33:17
../bin/VPI-case-study-Qemu-QURT-trig_GDB-pf_C-trace_NPNE-O2.elf	0	0	0.355	Jan 13, 2011 22:33:21
../bin/VPI-case-study-Qemu-QURT-trig_GDB-pf_C-trace_NPNE-O2.elf	0	0	0.369	Jan 13, 2011 22:33:25
../bin/VPI-case-study-Qemu-QURT-trig_GDB-pf_C-trace_NPNE-O2.elf	0	0	0.336	Jan 13, 2011 22:33:29
../bin/VPI-case-study-Qemu-QURT-trig_GDB-pf_C-trace_NPNE-O2.elf	0	0	0.352	Jan 13, 2011 22:33:33
../bin/VPI-case-study-Qemu-QURT-trig_GDB-pf_C-trace_NPNE-O2.elf	0	0	0.370	Jan 13, 2011 22:33:37
../bin/VPI-case-study-Qemu-QURT-trig_GDB-pf_C-trace_NPNE-O2.elf	0	0	0.385	Jan 13, 2011 22:33:41
../bin/VPI-case-study-Qemu-QURT-trig_GDB-pf_C-trace_NPNE-O2.elf	0	0	0.384	Jan 13, 2011 22:33:45
../bin/VPI-case-study-Qemu-QURT-trig_GDB-pf_C-trace_NPNE-O2.elf	0	0	0.343	Jan 13, 2011 22:33:49
../bin/VPI-case-study-Qemu-QURT-trig_GDB-pf_C-trace_NPNE-O2.elf	0	0	0.354	Jan 13, 2011 22:33:52
../bin/VPI-case-study-Qemu-QURT-trig_GDB-pf_C-trace_NPNE-O2.elf	0	0	0.325	Jan 13, 2011 22:33:56
../bin/VPI-case-study-Qemu-QURT-trig_GDB-pf_C-trace_NPNE-O2.elf	0	0	0.338	Jan 13, 2011 22:34:00
../bin/VPI-case-study-Qemu-QURT-trig_GDB-pf_C-trace_NPNE-O2.elf	0	0	0.385	Jan 13, 2011 22:34:04
../bin/VPI-case-study-Qemu-QURT-trig_GDB-pf_C-trace_NPNE-O2.elf	0	0	0.385	Jan 13, 2011 22:34:08
